time_s,error,steering_angle,speed
0.004838705062866211,0.0,-0.0,20.0
0.01925063133239746,0.0,-0.0,20.0
0.03410696983337402,0.0,-0.0,20.0
0.04872393608093262,0.0,-0.0,20.0
0.06291365623474121,0.0,-0.0,20.0
0.07712483406066895,0.0,-0.0,20.0
0.09127545356750488,0.0,-0.0,20.0
0.10551595687866211,0.0,-0.0,20.0
0.11975669860839844,0.0,-0.0,20.0
0.13391566276550293,0.0,-0.0,20.0
0.1480560302734375,0.0,-0.0,20.0
0.1621866226196289,0.0,-0.0,20.0
0.1763317584991455,0.0,-0.0,20.0
0.19291448593139648,0.0,-0.0,20.0
0.20718884468078613,0.0,-0.0,20.0
0.22137141227722168,0.0,-0.0,20.0
0.2355179786682129,0.0,-0.0,20.0
0.2496480941772461,0.0,-0.0,20.0
0.26378917694091797,0.0,-0.0,20.0
0.2779362201690674,0.0,-0.0,20.0
0.2922172546386719,0.0,-0.0,20.0
0.3064539432525635,0.0,-0.0,20.0
0.32067227363586426,0.0,-0.0,20.0
0.33545637130737305,0.0,-0.0,20.0
0.3496432304382324,0.0,-0.0,20.0
0.36383914947509766,0.0,-0.0,20.0
0.37798309326171875,0.0,-0.0,20.0
0.39209747314453125,0.0,-0.0,20.0
0.40625882148742676,0.0,-0.0,20.0
0.4203813076019287,0.0,-0.0,20.0
0.43453097343444824,0.0,-0.0,20.0
0.4486525058746338,0.0,-0.0,20.0
0.46317362785339355,0.0,-0.0,20.0
0.4775235652923584,0.0,-0.0,20.0
0.4916810989379883,0.0,-0.0,20.0
0.5058012008666992,0.0,-0.0,20.0
0.5200254917144775,0.0,-0.0,20.0
0.5342311859130859,0.0,-0.0,20.0
0.5484097003936768,0.0,-0.0,20.0
0.562612771987915,0.0,-0.0,20.0
0.5767450332641602,0.0,-0.0,20.0
0.590954065322876,0.0,-0.0,20.0
0.6053218841552734,0.0,-0.0,20.0
0.6196982860565186,0.0,-0.0,20.0
0.6338415145874023,0.0,-0.0,20.0
0.6479640007019043,0.0,-0.0,20.0
0.662100076675415,0.0,-0.0,20.0
0.6765117645263672,0.0,-0.0,20.0
0.690648078918457,0.0,-0.0,20.0
0.7053120136260986,0.0,-0.0,20.0
0.7195961475372314,0.0,-0.0,20.0
0.733727216720581,0.0,-0.0,20.0
0.748121976852417,0.0,-0.0,20.0
0.7623395919799805,0.0,-0.0,20.0
0.7764699459075928,0.0,-0.0,20.0
0.7905983924865723,0.0,-0.0,20.0
0.8047163486480713,0.0,-0.0,20.0
0.8201467990875244,0.0,-0.0,20.0
0.8377375602722168,0.0,-0.0,20.0
0.8530519008636475,0.0,-0.0,20.0
0.8684322834014893,0.0,-0.0,20.0
0.8831007480621338,0.0,-0.0,20.0
0.8982048034667969,0.0,-0.0,20.0
0.9124526977539062,0.0,-0.0,20.0
0.9266793727874756,0.0,-0.0,20.0
0.941117525100708,0.0,-0.0,20.0
0.9552898406982422,0.0,-0.0,20.0
0.9696340560913086,0.0,-0.0,20.0
0.9839155673980713,0.0,-0.0,20.0
0.9983053207397461,0.0,-0.0,20.0
1.0130672454833984,0.0,-0.0,20.0
1.0272111892700195,0.0,-0.0,20.0
1.0413565635681152,0.0,-0.0,20.0
1.0556185245513916,0.0,-0.0,20.0
1.0706820487976074,0.0,-0.0,20.0
1.0852251052856445,0.0,-0.0,20.0
1.0995423793792725,0.0,-0.0,20.0
1.1140751838684082,0.0,-0.0,20.0
1.1282546520233154,0.0,-0.0,20.0
1.1425387859344482,0.0,-0.0,20.0
1.15671968460083,0.0,-0.0,20.0
1.1708343029022217,0.0,-0.0,20.0
1.1852807998657227,0.0,-0.0,20.0
1.2003967761993408,0.0,-0.0,20.0
1.2147912979125977,0.0,-0.0,20.0
1.2289719581604004,0.0,-0.0,20.0
1.2431135177612305,0.0,-0.0,20.0
1.2575938701629639,0.0,-0.0,20.0
1.2725629806518555,0.0,-0.0,20.0
1.2869880199432373,0.0,-0.0,20.0
1.3011343479156494,0.0,-0.0,20.0
1.3155887126922607,-33.333333333333336,15.000000000000004,12.499999999999998
1.3299639225006104,-66.66666666666667,28.33333333333334,5.83333333333333
1.3442645072937012,-66.66666666666667,26.66666666666667,6.666666666666664
1.3584465980529785,-33.333333333333336,11.666666666666668,14.166666666666666
1.3725814819335938,0.0,-1.666666666666667,19.166666666666668
1.3868088722229004,0.0,-0.0,20.0
1.4009461402893066,0.0,-0.0,20.0
1.415191650390625,0.0,-0.0,20.0
1.4293427467346191,0.0,-0.0,20.0
1.443481683731079,0.0,-0.0,20.0
1.4576289653778076,0.0,-0.0,20.0
1.4718005657196045,-33.333333333333336,15.000000000000004,12.499999999999998
1.4859743118286133,-66.66666666666667,28.33333333333334,5.83333333333333
1.5001065731048584,-100.0,30,5.0
1.514270544052124,-100.0,30,5.0
1.5284104347229004,-100.0,30,5.0
1.5425903797149658,-100.0,30,5.0
1.5567841529846191,-100.0,30,5.0
1.5713024139404297,-100.0,30,5.0
1.5856821537017822,-66.66666666666667,25.000000000000004,7.499999999999998
1.6000094413757324,-33.333333333333336,11.666666666666668,14.166666666666666
1.6141741275787354,0.0,-1.666666666666667,19.166666666666668
1.6283667087554932,0.0,-0.0,20.0
1.6426372528076172,0.0,-0.0,20.0
1.6567654609680176,0.0,-0.0,20.0
1.6713953018188477,0.0,-0.0,20.0
1.685633897781372,0.0,-0.0,20.0
1.6998164653778076,0.0,-0.0,20.0
1.7141594886779785,0.0,-0.0,20.0
1.7283003330230713,0.0,-0.0,20.0
1.7424476146697998,0.0,-0.0,20.0
1.7567005157470703,0.0,-0.0,20.0
1.7708663940429688,0.0,-0.0,20.0
1.784994125366211,0.0,-0.0,20.0
1.7991204261779785,0.0,-0.0,20.0
1.8134512901306152,0.0,-0.0,20.0
1.827836275100708,0.0,-0.0,20.0
1.8422133922576904,0.0,-0.0,20.0
1.8563666343688965,0.0,-0.0,20.0
1.8705158233642578,0.0,-0.0,20.0
1.8846347332000732,0.0,-0.0,20.0
1.8988299369812012,0.0,-0.0,20.0
1.9131178855895996,0.0,-0.0,20.0
1.9273691177368164,0.0,-0.0,20.0
1.9415009021759033,0.0,-0.0,20.0
1.9557063579559326,0.0,-0.0,20.0
1.9698846340179443,0.0,-0.0,20.0
1.9841110706329346,0.0,-0.0,20.0
1.9986629486083984,0.0,-0.0,20.0
2.0128822326660156,0.0,-0.0,20.0
2.027005672454834,0.0,-0.0,20.0
2.0412285327911377,0.0,-0.0,20.0
2.055440664291382,0.0,-0.0,20.0
2.0697786808013916,0.0,-0.0,20.0
2.083932638168335,0.0,-0.0,20.0
2.098081588745117,0.0,-0.0,20.0
2.1123464107513428,0.0,-0.0,20.0
2.1268744468688965,0.0,-0.0,20.0
2.1412668228149414,0.0,-0.0,20.0
2.1554317474365234,0.0,-0.0,20.0
2.1695711612701416,0.0,-0.0,20.0
2.183711528778076,0.0,-0.0,20.0
2.1978530883789062,0.0,-0.0,20.0
2.2148518562316895,0.0,-0.0,20.0
2.2319576740264893,0.0,-0.0,20.0
2.2488787174224854,0.0,-0.0,20.0
2.266146421432495,0.0,-0.0,20.0
2.2835404872894287,0.0,-0.0,20.0
2.3004658222198486,0.0,-0.0,20.0
2.319915294647217,0.0,-0.0,20.0
2.339240312576294,0.0,-0.0,20.0
2.358550786972046,0.0,-0.0,20.0
2.3778419494628906,0.0,-0.0,20.0
2.397141218185425,0.0,-0.0,20.0
2.4179980754852295,0.0,-0.0,20.0
2.43772554397583,0.0,-0.0,20.0
2.4571990966796875,0.0,-0.0,20.0
2.476670742034912,0.0,-0.0,20.0
2.496187448501587,-33.333333333333336,15.000000000000004,12.499999999999998
2.515563488006592,-33.333333333333336,13.333333333333336,13.333333333333332
2.5350606441497803,-33.333333333333336,13.333333333333336,13.333333333333332
2.5569052696228027,0.0,-1.666666666666667,19.166666666666668
2.5762784481048584,0.0,-0.0,20.0
2.5957913398742676,0.0,-0.0,20.0
2.6150166988372803,0.0,-0.0,20.0
2.6334240436553955,0.0,-0.0,20.0
2.6517934799194336,0.0,-0.0,20.0
2.6702730655670166,0.0,-0.0,20.0
2.6889500617980957,-33.333333333333336,15.000000000000004,12.499999999999998
2.7098028659820557,-33.333333333333336,13.333333333333336,13.333333333333332
2.7282214164733887,-33.333333333333336,13.333333333333336,13.333333333333332
2.746588706970215,0.0,-1.666666666666667,19.166666666666668
2.765078067779541,0.0,-0.0,20.0
2.7834248542785645,0.0,-0.0,20.0
2.8017449378967285,0.0,-0.0,20.0
2.8208913803100586,0.0,-0.0,20.0
2.8421523571014404,0.0,-0.0,20.0
2.8628649711608887,0.0,-0.0,20.0
2.882554531097412,0.0,-0.0,20.0
2.9021060466766357,0.0,-0.0,20.0
2.9201035499572754,-33.333333333333336,15.000000000000004,12.499999999999998
2.936506748199463,-66.66666666666667,28.33333333333334,5.83333333333333
2.9529354572296143,-100.0,30,5.0
2.9709739685058594,-66.66666666666667,25.000000000000004,7.499999999999998
2.9878182411193848,-66.66666666666667,26.66666666666667,6.666666666666664
3.0052707195281982,-33.333333333333336,11.666666666666668,14.166666666666666
3.0250563621520996,-33.333333333333336,13.333333333333336,13.333333333333332
3.0417640209198,0.0,-1.666666666666667,19.166666666666668
3.0581915378570557,0.0,-0.0,20.0
3.0747733116149902,0.0,-0.0,20.0
3.0912156105041504,0.0,-0.0,20.0
3.107677698135376,33.333333333333336,-15.000000000000004,12.499999999999998
3.126141309738159,66.66666666666667,-28.33333333333334,5.83333333333333
3.1451337337493896,66.66666666666667,-26.66666666666667,6.666666666666664
3.1638364791870117,33.333333333333336,-11.666666666666668,14.166666666666666
3.182196855545044,0.0,1.666666666666667,19.166666666666668
3.200807571411133,0.0,-0.0,20.0
3.219465732574463,0.0,-0.0,20.0
3.23876690864563,16.20952380952381,-7.2942857142857145,16.352857142857143
3.2601895332336426,31.017783396544456,-13.147526337968817,13.426236831015592
3.279528856277466,31.017783396544456,-12.407113358617783,13.796443320691107
3.2988104820251465,14.808259587020649,-5.112827644332069,17.443586177833964
3.318873882293701,0.0,0.7404129793510325,19.629793510324482
3.338184356689453,0.0,-0.0,20.0
3.357656717300415,0.0,-0.0,20.0
3.3770925998687744,0.0,-0.0,20.0
3.398037910461426,0.0,-0.0,20.0
3.417435646057129,0.0,-0.0,20.0
3.4367806911468506,0.0,-0.0,20.0
3.4562041759490967,0.0,-0.0,20.0
3.475499153137207,0.0,-0.0,20.0
3.4947574138641357,0.0,-0.0,20.0
3.514164447784424,0.0,-0.0,20.0
3.5351662635803223,0.0,-0.0,20.0
3.5545620918273926,0.0,-0.0,20.0
3.573887348175049,0.0,-0.0,20.0
3.5932750701904297,0.0,-0.0,20.0
3.6129024028778076,0.0,-0.0,20.0
3.6318747997283936,0.0,-0.0,20.0
3.6505818367004395,33.333333333333336,-15.000000000000004,12.499999999999998
3.670177698135376,33.333333333333336,-13.333333333333336,13.333333333333332
3.6888837814331055,33.333333333333336,-13.333333333333336,13.333333333333332
3.70740008354187,0.0,1.666666666666667,19.166666666666668
3.7262871265411377,0.0,-0.0,20.0
3.744642734527588,0.0,-0.0,20.0
3.7630350589752197,0.0,-0.0,20.0
3.781611680984497,0.0,-0.0,20.0
3.7999703884124756,0.0,-0.0,20.0
3.818532943725586,0.0,-0.0,20.0
3.8384978771209717,0.0,-0.0,20.0
3.85919189453125,0.0,-0.0,20.0
3.8788044452667236,0.0,-0.0,20.0
3.8980884552001953,0.0,-0.0,20.0
3.9176578521728516,0.0,-0.0,20.0
3.9364547729492188,0.0,-0.0,20.0
3.9547815322875977,0.0,-0.0,20.0
3.9732234477996826,0.0,-0.0,20.0
3.993710994720459,0.0,-0.0,20.0
4.012356519699097,0.0,-0.0,20.0
4.030973196029663,0.0,-0.0,20.0
4.051488876342773,0.0,-0.0,20.0
4.070173740386963,0.0,-0.0,20.0
4.08859395980835,0.0,-0.0,20.0
4.107294082641602,0.0,-0.0,20.0
4.125929832458496,0.0,-0.0,20.0
4.144362688064575,0.0,-0.0,20.0
4.163036823272705,0.0,-0.0,20.0
4.181676626205444,0.0,-0.0,20.0
4.200019836425781,0.0,-0.0,20.0
4.218451738357544,0.0,-0.0,20.0
4.2368738651275635,0.0,-0.0,20.0
4.255222320556641,0.0,-0.0,20.0
4.2735512256622314,0.0,-0.0,20.0
4.291893005371094,0.0,-0.0,20.0
4.3113532066345215,0.0,-0.0,20.0
4.32975172996521,0.0,-0.0,20.0
4.349261283874512,0.0,-0.0,20.0
4.368609189987183,0.0,-0.0,20.0
4.387908935546875,0.0,-0.0,20.0
4.407238960266113,0.0,-0.0,20.0
4.426517724990845,0.0,-0.0,20.0
4.44624924659729,0.0,-0.0,20.0
4.465556383132935,0.0,-0.0,20.0
4.485499382019043,0.0,-0.0,20.0
4.505259275436401,0.0,-0.0,20.0
4.5246665477752686,0.0,-0.0,20.0
4.544084310531616,0.0,-0.0,20.0
4.563548803329468,0.0,-0.0,20.0
4.58285117149353,0.0,-0.0,20.0
4.602507591247559,0.0,-0.0,20.0
4.62238335609436,0.0,-0.0,20.0
4.642297744750977,0.0,-0.0,20.0
4.662003040313721,0.0,-0.0,20.0
4.681753396987915,0.0,-0.0,20.0
4.7012786865234375,0.0,-0.0,20.0
4.721558570861816,0.0,-0.0,20.0
4.741722106933594,0.0,-0.0,20.0
4.759477615356445,0.0,-0.0,20.0
4.7771642208099365,0.0,-0.0,20.0
4.79482889175415,0.0,-0.0,20.0
4.812419176101685,0.0,-0.0,20.0
4.830010414123535,0.0,-0.0,20.0
4.848999738693237,0.0,-0.0,20.0
4.86829686164856,0.0,-0.0,20.0
4.887654781341553,0.0,-0.0,20.0
4.907777547836304,0.0,-0.0,20.0
4.927425146102905,0.0,-0.0,20.0
4.946745872497559,0.0,-0.0,20.0
4.966411352157593,0.0,-0.0,20.0
4.9858033657073975,0.0,-0.0,20.0
5.005093097686768,0.0,-0.0,20.0
5.028428792953491,0.0,-0.0,20.0
5.047917604446411,0.0,-0.0,20.0
5.066312313079834,0.0,-0.0,20.0
5.084879398345947,0.0,-0.0,20.0
5.103518009185791,0.0,-0.0,20.0
5.1219801902771,0.0,-0.0,20.0
5.14040207862854,0.0,-0.0,20.0
5.160770416259766,0.0,-0.0,20.0
5.180628538131714,0.0,-0.0,20.0
5.200005292892456,0.0,-0.0,20.0
5.219320297241211,0.0,-0.0,20.0
5.238593339920044,0.0,-0.0,20.0
5.25763726234436,0.0,-0.0,20.0
5.2760419845581055,0.0,-0.0,20.0
5.294319152832031,0.0,-0.0,20.0
5.313000679016113,0.0,-0.0,20.0
5.331389427185059,0.0,-0.0,20.0
5.349807977676392,0.0,-0.0,20.0
5.370325803756714,0.0,-0.0,20.0
5.390050649642944,0.0,-0.0,20.0
5.409307241439819,0.0,-0.0,20.0
5.428945779800415,0.0,-0.0,20.0
5.448509693145752,-33.333333333333336,15.000000000000004,12.499999999999998
5.466943979263306,-33.333333333333336,13.333333333333336,13.333333333333332
5.485275506973267,-66.66666666666667,28.33333333333334,5.83333333333333
5.504708528518677,-33.333333333333336,11.666666666666668,14.166666666666666
5.52339768409729,-33.333333333333336,13.333333333333336,13.333333333333332
5.541919231414795,-33.333333333333336,13.333333333333336,13.333333333333332
5.561228275299072,-66.66666666666667,28.33333333333334,5.83333333333333
5.580555438995361,-66.66666666666667,26.66666666666667,6.666666666666664
5.600304365158081,-33.333333333333336,11.666666666666668,14.166666666666666
5.619746923446655,0.0,-1.666666666666667,19.166666666666668
5.639304161071777,0.0,-0.0,20.0
5.659395217895508,0.0,-0.0,20.0
5.680150747299194,0.0,-0.0,20.0
5.699493885040283,-33.333333333333336,15.000000000000004,12.499999999999998
5.7191526889801025,-33.333333333333336,13.333333333333336,13.333333333333332
5.738489389419556,-33.333333333333336,13.333333333333336,13.333333333333332
5.757514476776123,0.0,-1.666666666666667,19.166666666666668
5.77597975730896,0.0,-0.0,20.0
5.795895099639893,-33.333333333333336,15.000000000000004,12.499999999999998
5.816169023513794,-66.66666666666667,28.33333333333334,5.83333333333333
5.834564685821533,-100.0,30,5.0
5.8532023429870605,-100.0,30,5.0
5.871692657470703,-100.0,30,5.0
5.890146732330322,-100.0,30,5.0
5.908533811569214,-100.0,30,5.0
5.927013635635376,-66.66666666666667,25.000000000000004,7.499999999999998
5.945735692977905,-33.333333333333336,11.666666666666668,14.166666666666666
5.96539306640625,0.0,-1.666666666666667,19.166666666666668
5.98473334312439,0.0,-0.0,20.0
6.004593849182129,-33.333333333333336,15.000000000000004,12.499999999999998
6.024366140365601,-33.333333333333336,13.333333333333336,13.333333333333332
6.043929576873779,-33.333333333333336,13.333333333333336,13.333333333333332
6.0636680126190186,0.0,-1.666666666666667,19.166666666666668
6.083169221878052,0.0,-0.0,20.0
6.102807283401489,0.0,-0.0,20.0
6.122485399246216,0.0,-0.0,20.0
6.142044305801392,0.0,-0.0,20.0
6.161808013916016,-18.854415274463005,8.484486873508352,15.757756563245824
6.180712461471558,-18.854415274463005,7.541766109785202,16.2291169451074
6.202426195144653,-18.854415274463005,7.541766109785202,16.2291169451074
6.226565361022949,-33.333333333333336,14.057279236276852,12.971360381861574
6.2452781200408936,-66.66666666666667,28.33333333333334,5.83333333333333
6.2616448402404785,-100.0,30,5.0
6.2757909297943115,-66.66666666666667,25.000000000000004,7.499999999999998
6.289948225021362,-33.333333333333336,11.666666666666668,14.166666666666666
6.30411434173584,0.0,-1.666666666666667,19.166666666666668
6.318330526351929,0.0,-0.0,20.0
6.3325090408325195,0.0,-0.0,20.0
6.34663462638855,0.0,-0.0,20.0
6.361267328262329,0.0,-0.0,20.0
6.375445365905762,33.333333333333336,-15.000000000000004,12.499999999999998
6.389565706253052,49.46110131295317,-20.59082892416226,9.70458553791887
6.403701305389404,82.7944346462865,-30,5.0
6.417830944061279,82.7944346462865,-30,5.0
6.431947946548462,66.66666666666667,-25.86027826768568,7.0698608661571605
6.446102142333984,33.333333333333336,-11.666666666666668,14.166666666666666
6.460305690765381,0.0,1.666666666666667,19.166666666666668
6.476993560791016,0.0,-0.0,20.0
6.495321989059448,33.333333333333336,-15.000000000000004,12.499999999999998
6.5106096267700195,50.984209387843386,-21.27622755786286,9.36188622106857
6.525857448577881,67.02934230044617,-27.613993565808613,6.1930032170956935
6.540256023406982,50.30773057883446,-19.287011645453198,10.356494177273401
6.554531574249268,48.926695794165674,-19.50162657843283,10.249186710783585
6.568681001663208,32.88156288156288,-12.350368506995013,13.824815746502495
6.583003759384155,16.26984126984127,-5.677350427350428,17.161324786324787
6.597432851791382,0.0,0.8134920634920635,19.59325396825397
6.611599683761597,0.0,-0.0,20.0
6.625766038894653,16.81042744872532,-7.564692351926395,16.217653824036802
6.640308380126953,50.143760782058656,-21.724170979490133,9.137914510254934
6.6545257568359375,66.61758998316058,-27.470727453319334,6.264636273340333
6.668688058853149,67.35301241153869,-26.97797608603438,6.511011956982809
6.683062553405762,34.01967907820535,-11.941204964615473,14.029397517692264
6.69721531867981,17.54584987710342,-6.194648490786273,16.902675754606864
6.71162486076355,0.0,0.8772924938551712,19.561353753072414
6.725828170776367,0.0,-0.0,20.0
6.739988803863525,17.132794696498863,-7.709757613424489,16.145121193287757
6.7541937828063965,32.57116826701983,-13.800385985333982,13.099807007333009
6.768456935882568,65.90450160035316,-28.028467306807933,5.985766346596034
6.782613754272461,82.10504023718762,-30,5.0
6.796952247619629,83.17133600152468,-30,5.0
6.81110954284668,67.2211802382848,-26.09096430715193,6.954517846424036
6.825484991073608,33.88784690495147,-11.888472095313924,14.055763952343039
6.840085983276367,17.38317757009346,-6.128037561294483,16.935981219352758
6.854249000549316,0.0,0.869158878504673,19.565420560747665
6.86851167678833,16.91086691086691,-7.609890109890111,16.195054945054945
6.882705450057983,16.91086691086691,-6.764346764346765,16.617826617826616
6.896883487701416,16.91086691086691,-6.764346764346765,16.617826617826616
6.911044597625732,0.0,0.8455433455433456,19.577228327228326
6.925277233123779,0.0,-0.0,20.0
6.939653396606445,0.0,-0.0,20.0
6.95378041267395,14.259597806215723,-6.416819012797076,16.79159049360146
6.96795129776001,29.99399658855971,-12.784318574541084,13.607840712729459
6.982101917266846,63.327329921893046,-26.997598635423888,6.501200682288056
6.996432542800903,49.06773211567732,-18.914112955960142,10.542943522019929
7.010763645172119,33.333333333333336,-12.546613394216136,13.726693302891931
7.024930238723755,0.0,1.666666666666667,19.166666666666668
7.039060115814209,0.0,-0.0,20.0
7.053281307220459,0.0,-0.0,20.0
7.0674309730529785,0.0,-0.0,20.0
7.0815653800964355,16.699496607572772,-7.514773473407748,16.242613263296125
7.095695495605469,31.356268407201714,-13.275345952862134,13.362327023568934
7.109853506088257,31.356268407201714,-12.542507362880686,13.728746318559658
7.124292373657227,29.873728408307205,-11.875364363378157,14.062317818310921
7.142977952957153,31.4562728479945,-12.661636361182167,13.669181819408916
7.157613277435303,31.4562728479945,-12.582509139197802,13.708745430401098
7.171797037124634,16.23931623931624,-5.734878665292582,17.132560667353708
7.186157941818237,33.333333333333336,-14.188034188034191,12.905982905982905
7.20035719871521,50.25279884434814,-20.94709281329,9.526453593355
7.214818716049194,50.25279884434814,-20.101119537739258,9.949440231130371
7.229219198226929,32.286170982493275,-12.016136999904568,13.991931500047716
7.243611574172974,30.74841371032956,-12.222477620523641,13.88876118973818
7.257810592651367,47.30847056889388,-19.75139107048577,10.124304464757115
7.273203372955322,47.61908625418863,-19.06316528594019,10.468417357029905
7.287440776824951,65.57071134867086,-27.125865794192457,6.437067102903772
7.3015618324279785,82.34398782343987,-30,5.0
7.31592869758606,100.0,-30,5.0
7.330315828323364,100.0,-30,5.0
7.344455242156982,66.66666666666667,-25.000000000000004,7.499999999999998
7.358584642410278,66.66666666666667,-26.66666666666667,6.666666666666664
7.372720718383789,33.333333333333336,-11.666666666666668,14.166666666666666
7.387286901473999,33.333333333333336,-13.333333333333336,13.333333333333332
7.402024745941162,0.0,1.666666666666667,19.166666666666668
7.416452169418335,0.0,-0.0,20.0
7.430603742599487,0.0,-0.0,20.0
7.444774150848389,0.0,-0.0,20.0
7.458906412124634,0.0,-0.0,20.0
7.47304892539978,0.0,-0.0,20.0
7.487401962280273,0.0,-0.0,20.0
7.50158166885376,0.0,-0.0,20.0
7.515714645385742,0.0,-0.0,20.0
7.529941558837891,0.0,-0.0,20.0
7.544451951980591,0.0,-0.0,20.0
7.55863356590271,0.0,-0.0,20.0
7.572818040847778,0.0,-0.0,20.0
7.586956262588501,0.0,-0.0,20.0
7.60135293006897,0.0,-0.0,20.0
7.61554741859436,0.0,-0.0,20.0
7.629719972610474,0.0,-0.0,20.0
7.643862247467041,0.0,-0.0,20.0
7.657979488372803,0.0,-0.0,20.0
7.673064708709717,33.333333333333336,-15.000000000000004,12.499999999999998
7.687512159347534,0.0,1.666666666666667,19.166666666666668
7.701651096343994,-33.333333333333336,15.000000000000004,12.499999999999998
7.7160632610321045,-100.0,30,5.0
7.730280160903931,-100.0,30,5.0
7.744412422180176,-100.0,30,5.0
7.758543491363525,-66.66666666666667,25.000000000000004,7.499999999999998
7.773681163787842,-66.66666666666667,26.66666666666667,6.666666666666664
7.788000822067261,-66.66666666666667,26.66666666666667,6.666666666666664
7.802122592926025,-100.0,30,5.0
7.816256999969482,-100.0,30,5.0
7.830412149429321,-100.0,30,5.0
7.8447794914245605,-66.66666666666667,25.000000000000004,7.499999999999998
7.858948469161987,-33.333333333333336,11.666666666666668,14.166666666666666
7.873086452484131,0.0,-1.666666666666667,19.166666666666668
7.887211799621582,0.0,-0.0,20.0
7.90218186378479,33.333333333333336,-15.000000000000004,12.499999999999998
7.916888236999512,66.66666666666667,-28.33333333333334,5.83333333333333
7.931478261947632,100.0,-30,5.0
7.945828199386597,100.0,-30,5.0
7.959975242614746,100.0,-30,5.0
7.974153995513916,100.0,-30,5.0
7.988338232040405,100.0,-30,5.0
8.002547979354858,100.0,-30,5.0
8.016694068908691,100.0,-30,5.0
8.030831098556519,100.0,-30,5.0
8.045247077941895,66.66666666666667,-25.000000000000004,7.499999999999998
8.05944013595581,33.333333333333336,-11.666666666666668,14.166666666666666
8.073581218719482,0.0,1.666666666666667,19.166666666666668
8.087716341018677,0.0,-0.0,20.0
8.101848602294922,33.333333333333336,-15.000000000000004,12.499999999999998
8.116060972213745,66.66666666666667,-28.33333333333334,5.83333333333333
8.130264043807983,100.0,-30,5.0
8.144429445266724,100.0,-30,5.0
8.158564805984497,100.0,-30,5.0
8.173635959625244,100.0,-30,5.0
8.187845230102539,66.66666666666667,-25.000000000000004,7.499999999999998
8.202051877975464,33.333333333333336,-11.666666666666668,14.166666666666666
8.216196537017822,0.0,1.666666666666667,19.166666666666668
8.230343580245972,33.333333333333336,-15.000000000000004,12.499999999999998
8.24448037147522,66.66666666666667,-28.33333333333334,5.83333333333333
8.258610486984253,100.0,-30,5.0
8.272745370864868,100.0,-30,5.0
8.286866426467896,100.0,-30,5.0
8.301470756530762,66.66666666666667,-25.000000000000004,7.499999999999998
8.315650463104248,33.333333333333336,-11.666666666666668,14.166666666666666
8.329840421676636,0.0,1.666666666666667,19.166666666666668
8.34398627281189,18.44229217110573,-8.299031476997579,15.850484261501212
8.358167171478271,51.77562550443906,-22.376916868442294,8.811541565778853
8.372406244277954,51.77562550443906,-20.710250201775626,9.644874899112187
8.386550664901733,33.333333333333336,-12.411218724778049,13.794390637610976
8.40069580078125,0.0,1.666666666666667,19.166666666666668
8.414825201034546,0.0,-0.0,20.0
8.429179668426514,33.333333333333336,-15.000000000000004,12.499999999999998
8.444440126419067,66.66666666666667,-28.33333333333334,5.83333333333333
8.458625793457031,100.0,-30,5.0
8.47276496887207,100.0,-30,5.0
8.486897230148315,100.0,-30,5.0
8.501022815704346,66.66666666666667,-25.000000000000004,7.499999999999998
8.515169143676758,33.333333333333336,-11.666666666666668,14.166666666666666
8.529390811920166,0.0,1.666666666666667,19.166666666666668
8.543580293655396,33.333333333333336,-15.000000000000004,12.499999999999998
8.557804107666016,33.333333333333336,-13.333333333333336,13.333333333333332
8.571974515914917,33.333333333333336,-13.333333333333336,13.333333333333332
8.586122512817383,33.333333333333336,-13.333333333333336,13.333333333333332
8.600518465042114,66.66666666666667,-28.33333333333334,5.83333333333333
8.614738464355469,66.66666666666667,-26.66666666666667,6.666666666666664
8.629007339477539,33.333333333333336,-11.666666666666668,14.166666666666666
8.643190860748291,0.0,1.666666666666667,19.166666666666668
8.657538175582886,0.0,-0.0,20.0
8.671868324279785,0.0,-0.0,20.0
8.686251640319824,0.0,-0.0,20.0
8.700412034988403,33.333333333333336,-15.000000000000004,12.499999999999998
8.714884757995605,33.333333333333336,-13.333333333333336,13.333333333333332
8.729233264923096,33.333333333333336,-13.333333333333336,13.333333333333332
8.745509386062622,0.0,1.666666666666667,19.166666666666668
8.761031866073608,0.0,-0.0,20.0
8.775463819503784,0.0,-0.0,20.0
8.789594173431396,0.0,-0.0,20.0
8.803956031799316,0.0,-0.0,20.0
8.818137407302856,0.0,-0.0,20.0
8.833089351654053,0.0,-0.0,20.0
8.84748101234436,0.0,-0.0,20.0
8.861617088317871,0.0,-0.0,20.0
8.875767230987549,0.0,-0.0,20.0
8.890235185623169,0.0,-0.0,20.0
8.90441370010376,0.0,-0.0,20.0
8.91856861114502,0.0,-0.0,20.0
8.932905435562134,0.0,-0.0,20.0
8.947024822235107,0.0,-0.0,20.0
8.961201906204224,0.0,-0.0,20.0
8.975773811340332,0.0,-0.0,20.0
8.990176916122437,0.0,-0.0,20.0
9.005167961120605,0.0,-0.0,20.0
9.01930856704712,0.0,-0.0,20.0
9.033449411392212,0.0,-0.0,20.0
9.047651052474976,0.0,-0.0,20.0
9.061833381652832,33.333333333333336,-15.000000000000004,12.499999999999998
9.076032876968384,66.66666666666667,-28.33333333333334,5.83333333333333
9.090177059173584,100.0,-30,5.0
9.104393243789673,66.66666666666667,-25.000000000000004,7.499999999999998
9.118564367294312,33.333333333333336,-11.666666666666668,14.166666666666666
9.133153676986694,0.0,1.666666666666667,19.166666666666668
9.147298097610474,0.0,-0.0,20.0
9.161411046981812,0.0,-0.0,20.0
9.175565481185913,0.0,-0.0,20.0
9.189710855484009,33.333333333333336,-15.000000000000004,12.499999999999998
9.203863620758057,33.333333333333336,-13.333333333333336,13.333333333333332
9.218008995056152,33.333333333333336,-13.333333333333336,13.333333333333332
9.232174158096313,0.0,1.666666666666667,19.166666666666668
9.246421813964844,0.0,-0.0,20.0
9.260985851287842,33.333333333333336,-15.000000000000004,12.499999999999998
9.275471925735474,66.66666666666667,-28.33333333333334,5.83333333333333
9.289632558822632,66.66666666666667,-26.66666666666667,6.666666666666664
9.303744077682495,33.333333333333336,-11.666666666666668,14.166666666666666
9.317941427230835,0.0,1.666666666666667,19.166666666666668
9.33218002319336,0.0,-0.0,20.0
9.346362590789795,0.0,-0.0,20.0
9.360491752624512,0.0,-0.0,20.0
9.374612808227539,0.0,-0.0,20.0
9.388731002807617,0.0,-0.0,20.0
9.403156280517578,0.0,-0.0,20.0
9.417289733886719,0.0,-0.0,20.0
9.431421756744385,0.0,-0.0,20.0
9.445565938949585,0.0,-0.0,20.0
9.459725856781006,0.0,-0.0,20.0
9.473839044570923,0.0,-0.0,20.0
9.487960577011108,0.0,-0.0,20.0
9.50209355354309,15.810019518542616,-7.114508783344178,16.44274560832791
9.516214370727539,15.810019518542616,-6.324007807417047,16.837996096291477
9.53068208694458,15.810019518542616,-6.324007807417047,16.837996096291477
9.544882774353027,0.0,0.7905009759271309,19.604749512036435
9.55907917022705,0.0,-0.0,20.0
9.573227167129517,0.0,-0.0,20.0
9.587361574172974,0.0,-0.0,20.0
9.601730346679688,0.0,-0.0,20.0
9.615898609161377,0.0,-0.0,20.0
9.630049705505371,0.0,-0.0,20.0
9.64421534538269,0.0,-0.0,20.0
9.658579349517822,0.0,-0.0,20.0
9.673388719558716,0.0,-0.0,20.0
9.687543630599976,0.0,-0.0,20.0
9.701645135879517,0.0,-0.0,20.0
9.715998649597168,0.0,-0.0,20.0
9.73024296760559,0.0,-0.0,20.0
9.744368314743042,0.0,-0.0,20.0
9.75850248336792,0.0,-0.0,20.0
9.772720575332642,0.0,-0.0,20.0
9.787829160690308,0.0,-0.0,20.0
9.80199933052063,0.0,-0.0,20.0
9.816359281539917,0.0,-0.0,20.0
9.830509424209595,0.0,-0.0,20.0
9.844899892807007,0.0,-0.0,20.0
9.859058141708374,0.0,-0.0,20.0
9.873178958892822,0.0,-0.0,20.0
9.887298345565796,0.0,-0.0,20.0
9.901406049728394,0.0,-0.0,20.0
9.915775299072266,0.0,-0.0,20.0
9.93002438545227,0.0,-0.0,20.0
9.944162130355835,0.0,-0.0,20.0
9.958337783813477,0.0,-0.0,20.0
9.97265362739563,0.0,-0.0,20.0
9.986819744110107,0.0,-0.0,20.0
10.000990629196167,0.0,-0.0,20.0
10.015100002288818,0.0,-0.0,20.0
10.029256343841553,0.0,-0.0,20.0
10.0436429977417,0.0,-0.0,20.0
10.058354139328003,33.333333333333336,-15.000000000000004,12.499999999999998
10.07267141342163,66.66666666666667,-28.33333333333334,5.83333333333333
10.087152004241943,100.0,-30,5.0
10.101480960845947,100.0,-30,5.0
10.115680456161499,100.0,-30,5.0
10.129846572875977,66.66666666666667,-25.000000000000004,7.499999999999998
10.144153118133545,33.333333333333336,-11.666666666666668,14.166666666666666
10.158289194107056,0.0,1.666666666666667,19.166666666666668
10.172968626022339,0.0,-0.0,20.0
10.1871337890625,33.333333333333336,-15.000000000000004,12.499999999999998
10.201245784759521,66.66666666666667,-28.33333333333334,5.83333333333333
10.215404033660889,100.0,-30,5.0
10.22954535484314,100.0,-30,5.0
10.243869304656982,100.0,-30,5.0
10.257988452911377,100.0,-30,5.0
10.272148132324219,100.0,-30,5.0
10.286427974700928,66.66666666666667,-25.000000000000004,7.499999999999998
10.30062460899353,66.66666666666667,-26.66666666666667,6.666666666666664
10.315016508102417,33.333333333333336,-11.666666666666668,14.166666666666666
10.329231023788452,66.66666666666667,-28.33333333333334,5.83333333333333
10.343413352966309,66.66666666666667,-26.66666666666667,6.666666666666664
10.357538938522339,84.58282950423217,-30,5.0
10.371689319610596,51.24949617089883,-18.833131801692865,10.583434099153568
10.385818004608154,17.916162837565498,-5.499798468359533,17.250100765820235
10.399941682815552,33.333333333333336,-14.104191858121727,12.947904070939137
10.414070129394531,33.333333333333336,-13.333333333333336,13.333333333333332
10.42846941947937,33.333333333333336,-13.333333333333336,13.333333333333332
10.442645788192749,0.0,1.666666666666667,19.166666666666668
10.456796407699585,0.0,-0.0,20.0
10.470935344696045,0.0,-0.0,20.0
10.485080242156982,0.0,-0.0,20.0
10.499188423156738,0.0,-0.0,20.0
10.513329029083252,0.0,-0.0,20.0
10.527554273605347,0.0,-0.0,20.0
10.541895389556885,0.0,-0.0,20.0
10.556245803833008,0.0,-0.0,20.0
10.570354223251343,0.0,-0.0,20.0
10.584486961364746,14.819182389937106,-6.668632075471698,16.66568396226415
10.599097490310669,29.730903300381694,-12.637947365674908,13.681026317162546
10.613264560699463,44.77440001160596,-18.6619348402036,10.6690325798982
10.627614259719849,46.47536414181538,-18.675193863236625,10.662403068381687
10.641754388809204,31.563643231370794,-11.87987124702609,14.060064376486956
10.655917882919312,16.520146520146522,-5.855883772497396,17.072058113751304
10.670040607452393,0.0,0.8260073260073262,19.586996336996336
10.684497117996216,18.916155419222907,-8.51226993865031,15.743865030674845
10.698643207550049,36.46438192824593,-15.463164096749523,12.268417951625239
10.713022232055664,53.21145291377315,-22.121934714785624,8.939032642607188
10.727252960205078,51.026231513402,-20.301231535342243,9.849384232328878
10.741438388824463,50.818805668141685,-20.31715097499366,9.84142451250317
10.755784034729004,34.07173468261446,-12.791340323769424,13.604329838115287
10.770004749298096,17.340800663762703,-6.0997735645624935,16.95011321771875
10.784132957458496,0.0,0.8670400331881352,19.566479983405934
10.798263549804688,0.0,-0.0,20.0
10.812385559082031,16.70042763898267,-7.515192437542202,16.242403781228898
10.826751232147217,33.144575391541636,-14.080037544244604,12.959981227877698
10.841286659240723,49.55341517054716,-20.64180805716914,9.67909597141543
10.855451822280884,49.07853413685793,-19.607669603058714,10.196165198470643
10.869590520858765,49.84236359227617,-19.975136909681382,10.012431545159309
10.883715391159058,33.433523813270654,-12.552967536357986,13.723516231821007
10.897952795028687,17.207977207977212,-6.071913552926213,16.964043223536894
10.912092447280884,0.0,0.8603988603988606,19.56980056980057
10.926273107528687,0.0,-0.0,20.0
10.940393447875977,0.0,-0.0,20.0
10.954943895339966,33.333333333333336,-15.000000000000004,12.499999999999998
10.96935510635376,66.66666666666667,-28.33333333333334,5.83333333333333
10.983498334884644,66.66666666666667,-26.66666666666667,6.666666666666664
10.997868299484253,33.333333333333336,-11.666666666666668,14.166666666666666
11.012007474899292,0.0,1.666666666666667,19.166666666666668
11.026262760162354,0.0,-0.0,20.0
11.0406174659729,0.0,-0.0,20.0
11.054824590682983,0.0,-0.0,20.0
11.068987846374512,0.0,-0.0,20.0
11.083221912384033,14.9812734082397,-6.741573033707866,16.629213483146067
11.097613334655762,14.9812734082397,-5.992509363295881,17.00374531835206
11.111799716949463,14.9812734082397,-5.992509363295881,17.00374531835206
11.125981569290161,0.0,0.7490636704119851,19.625468164794007
11.14011263847351,16.35393671817513,-7.35927152317881,16.320364238410594
11.154242992401123,16.35393671817513,-6.541574687270053,16.72921265636497
11.168378353118896,16.35393671817513,-6.541574687270053,16.72921265636497
11.182626724243164,0.0,0.8176968359087566,19.591151582045622
11.196846961975098,0.0,-0.0,20.0
11.210990905761719,0.0,-0.0,20.0
11.22535228729248,0.0,-0.0,20.0
11.239479780197144,0.0,-0.0,20.0
11.25363039970398,0.0,-0.0,20.0
11.27226448059082,0.0,-0.0,20.0
11.29150128364563,0.0,-0.0,20.0
11.310741901397705,0.0,-0.0,20.0
11.330047607421875,0.0,-0.0,20.0
11.349395513534546,0.0,-0.0,20.0
11.369037866592407,0.0,-0.0,20.0
11.38833999633789,0.0,-0.0,20.0
11.407586336135864,0.0,-0.0,20.0
11.426856279373169,0.0,-0.0,20.0
11.446190595626831,0.0,-0.0,20.0
11.465551614761353,0.0,-0.0,20.0
11.48574447631836,0.0,-0.0,20.0
11.505115270614624,0.0,-0.0,20.0
11.524500131607056,0.0,-0.0,20.0
11.543795824050903,0.0,-0.0,20.0
11.56331992149353,0.0,-0.0,20.0
11.58261513710022,0.0,-0.0,20.0
11.603111028671265,0.0,-0.0,20.0
11.622736930847168,0.0,-0.0,20.0
11.642005443572998,0.0,-0.0,20.0
11.661273002624512,0.0,-0.0,20.0
11.681276321411133,0.0,-0.0,20.0
11.70088815689087,0.0,-0.0,20.0
11.720896244049072,0.0,-0.0,20.0
11.740320682525635,0.0,-0.0,20.0
11.760471105575562,0.0,-0.0,20.0
11.778965473175049,0.0,-0.0,20.0
11.79761290550232,0.0,-0.0,20.0
11.815930366516113,0.0,-0.0,20.0
11.834300518035889,0.0,-0.0,20.0
11.852988243103027,0.0,-0.0,20.0
11.871987104415894,0.0,-0.0,20.0
11.891602993011475,0.0,-0.0,20.0
11.910924673080444,0.0,-0.0,20.0
11.930450677871704,0.0,-0.0,20.0
11.94983959197998,0.0,-0.0,20.0
11.969200134277344,0.0,-0.0,20.0
11.987623453140259,0.0,-0.0,20.0
12.006497144699097,-33.333333333333336,15.000000000000004,12.499999999999998
12.024892091751099,-66.66666666666667,28.33333333333334,5.83333333333333
12.043212175369263,-100.0,30,5.0
12.06170105934143,-66.66666666666667,25.000000000000004,7.499999999999998
12.080757141113281,-33.333333333333336,11.666666666666668,14.166666666666666
12.100123643875122,0.0,-1.666666666666667,19.166666666666668
12.1197509765625,0.0,-0.0,20.0
12.139171838760376,0.0,-0.0,20.0
12.158446073532104,0.0,-0.0,20.0
12.177780151367188,0.0,-0.0,20.0
12.196079730987549,0.0,-0.0,20.0
12.214391469955444,0.0,-0.0,20.0
12.233534812927246,0.0,-0.0,20.0
12.251949310302734,0.0,-0.0,20.0
12.270285844802856,33.333333333333336,-15.000000000000004,12.499999999999998
12.289723634719849,33.333333333333336,-13.333333333333336,13.333333333333332
12.309025049209595,33.333333333333336,-13.333333333333336,13.333333333333332
12.328389883041382,0.0,1.666666666666667,19.166666666666668
12.348519086837769,0.0,-0.0,20.0
12.367828369140625,0.0,-0.0,20.0
12.38718295097351,0.0,-0.0,20.0
12.40647029876709,0.0,-0.0,20.0
12.425756692886353,0.0,-0.0,20.0
12.445069789886475,0.0,-0.0,20.0
12.464331150054932,0.0,-0.0,20.0
12.484330177307129,0.0,-0.0,20.0
12.502694129943848,0.0,-0.0,20.0
12.521075248718262,0.0,-0.0,20.0
12.53945255279541,0.0,-0.0,20.0
12.557903528213501,0.0,-0.0,20.0
12.576214790344238,0.0,-0.0,20.0
12.595244646072388,0.0,-0.0,20.0
12.615348100662231,0.0,-0.0,20.0
12.634722709655762,0.0,-0.0,20.0
12.653982400894165,0.0,-0.0,20.0
12.673231840133667,0.0,-0.0,20.0
12.69270944595337,0.0,-0.0,20.0
12.711466073989868,0.0,-0.0,20.0
12.730039596557617,0.0,-0.0,20.0
12.748890161514282,0.0,-0.0,20.0
12.767509698867798,0.0,-0.0,20.0
12.785858392715454,0.0,-0.0,20.0
12.804835081100464,0.0,-0.0,20.0
12.824131727218628,0.0,-0.0,20.0
12.843833923339844,0.0,-0.0,20.0
12.863725185394287,0.0,-0.0,20.0
12.883018016815186,0.0,-0.0,20.0
12.902440309524536,0.0,-0.0,20.0
12.922248125076294,0.0,-0.0,20.0
12.941535472869873,0.0,-0.0,20.0
12.962177276611328,0.0,-0.0,20.0
12.982054948806763,0.0,-0.0,20.0
13.001579761505127,0.0,-0.0,20.0
13.018889904022217,0.0,-0.0,20.0
13.035637617111206,0.0,-0.0,20.0
13.052406072616577,0.0,-0.0,20.0
13.068763256072998,0.0,-0.0,20.0
13.085248708724976,0.0,-0.0,20.0
13.10191011428833,0.0,-0.0,20.0
13.118866920471191,0.0,-0.0,20.0
13.135851621627808,0.0,-0.0,20.0
13.153064966201782,0.0,-0.0,20.0
13.169991493225098,0.0,-0.0,20.0
13.18692946434021,0.0,-0.0,20.0
13.205911636352539,0.0,-0.0,20.0
13.225285768508911,0.0,-0.0,20.0
13.244589805603027,0.0,-0.0,20.0
13.263867378234863,0.0,-0.0,20.0
13.283657550811768,0.0,-0.0,20.0
13.303040027618408,0.0,-0.0,20.0
13.322500228881836,0.0,-0.0,20.0
13.341800689697266,0.0,-0.0,20.0
13.361212730407715,0.0,-0.0,20.0
13.38047480583191,0.0,-0.0,20.0
13.399784803390503,0.0,-0.0,20.0
13.419106483459473,0.0,-0.0,20.0
13.438409566879272,0.0,-0.0,20.0
13.457694292068481,0.0,-0.0,20.0
13.476969957351685,0.0,-0.0,20.0
13.496267080307007,0.0,-0.0,20.0
13.515508890151978,0.0,-0.0,20.0
13.534811735153198,0.0,-0.0,20.0
13.554190635681152,0.0,-0.0,20.0
13.573501586914062,0.0,-0.0,20.0
13.592871904373169,0.0,-0.0,20.0
13.61299753189087,0.0,-0.0,20.0
13.632466077804565,0.0,-0.0,20.0
13.65189003944397,0.0,-0.0,20.0
13.671457767486572,0.0,-0.0,20.0
13.69112753868103,0.0,-0.0,20.0
13.710437774658203,0.0,-0.0,20.0
13.73005485534668,0.0,-0.0,20.0
13.749681949615479,0.0,-0.0,20.0
13.770147323608398,0.0,-0.0,20.0
13.789451360702515,0.0,-0.0,20.0
13.808825969696045,0.0,-0.0,20.0
13.828244924545288,0.0,-0.0,20.0
13.848763704299927,0.0,-0.0,20.0
13.868978500366211,0.0,-0.0,20.0
13.888546705245972,0.0,-0.0,20.0
13.9079749584198,0.0,-0.0,20.0
13.926425695419312,0.0,-0.0,20.0
13.944765090942383,0.0,-0.0,20.0
13.963183403015137,0.0,-0.0,20.0
13.982173442840576,0.0,-0.0,20.0
14.000741481781006,0.0,-0.0,20.0
14.019741773605347,0.0,-0.0,20.0
14.039053201675415,0.0,-0.0,20.0
14.058466911315918,0.0,-0.0,20.0
14.077794313430786,0.0,-0.0,20.0
14.097168922424316,0.0,-0.0,20.0
14.117248296737671,0.0,-0.0,20.0
14.1366126537323,0.0,-0.0,20.0
14.155883073806763,0.0,-0.0,20.0
14.175220489501953,0.0,-0.0,20.0
14.19449520111084,0.0,-0.0,20.0
14.213825464248657,0.0,-0.0,20.0
14.233169794082642,0.0,-0.0,20.0
14.252765417098999,0.0,-0.0,20.0
14.272083520889282,0.0,-0.0,20.0
14.291381359100342,0.0,-0.0,20.0
14.310688734054565,0.0,-0.0,20.0
14.330093145370483,0.0,-0.0,20.0
14.349398612976074,0.0,-0.0,20.0
14.368685722351074,0.0,-0.0,20.0
14.38793659210205,0.0,-0.0,20.0
14.407223224639893,0.0,-0.0,20.0
14.42658019065857,0.0,-0.0,20.0
14.445820808410645,0.0,-0.0,20.0
14.465128183364868,0.0,-0.0,20.0
14.484370470046997,0.0,-0.0,20.0
14.503611326217651,0.0,-0.0,20.0
14.522897958755493,0.0,-0.0,20.0
14.542214632034302,0.0,-0.0,20.0
14.562125444412231,0.0,-0.0,20.0
14.581539630889893,0.0,-0.0,20.0
14.601261615753174,0.0,-0.0,20.0
14.620635032653809,0.0,-0.0,20.0
14.639960050582886,0.0,-0.0,20.0
14.65927791595459,0.0,-0.0,20.0
14.679781436920166,0.0,-0.0,20.0
14.699525356292725,0.0,-0.0,20.0
14.719165802001953,0.0,-0.0,20.0
14.738536357879639,0.0,-0.0,20.0
14.757831573486328,0.0,-0.0,20.0
14.777254581451416,0.0,-0.0,20.0
14.796602725982666,0.0,-0.0,20.0
14.815857887268066,0.0,-0.0,20.0
14.835500717163086,0.0,-0.0,20.0
14.855103731155396,0.0,-0.0,20.0
14.87436556816101,0.0,-0.0,20.0
14.89428973197937,0.0,-0.0,20.0
14.913570880889893,0.0,-0.0,20.0
14.933128595352173,0.0,-0.0,20.0
14.95237398147583,0.0,-0.0,20.0
14.972181558609009,0.0,-0.0,20.0
14.99146556854248,0.0,-0.0,20.0
15.01089859008789,0.0,-0.0,20.0
15.03022813796997,0.0,-0.0,20.0
15.050589561462402,0.0,-0.0,20.0
15.069931745529175,0.0,-0.0,20.0
15.0892915725708,0.0,-0.0,20.0
15.10858154296875,0.0,-0.0,20.0
15.12870168685913,0.0,-0.0,20.0
15.14823842048645,0.0,-0.0,20.0
15.167951107025146,0.0,-0.0,20.0
15.187955617904663,0.0,-0.0,20.0
15.207538366317749,0.0,-0.0,20.0
15.226797580718994,0.0,-0.0,20.0
15.24555778503418,0.0,-0.0,20.0
15.263932466506958,0.0,-0.0,20.0
15.282265424728394,0.0,-0.0,20.0
15.30057692527771,0.0,-0.0,20.0
15.319182872772217,0.0,-0.0,20.0
15.337684869766235,0.0,-0.0,20.0
15.357021808624268,0.0,-0.0,20.0
15.376374006271362,-33.333333333333336,15.000000000000004,12.499999999999998
15.395630598068237,-33.333333333333336,13.333333333333336,13.333333333333332
15.414914846420288,-33.333333333333336,13.333333333333336,13.333333333333332
15.434885263442993,0.0,-1.666666666666667,19.166666666666668
15.454199075698853,-33.333333333333336,15.000000000000004,12.499999999999998
15.47349238395691,-33.333333333333336,13.333333333333336,13.333333333333332
15.492818117141724,-33.333333333333336,13.333333333333336,13.333333333333332
15.51211404800415,0.0,-1.666666666666667,19.166666666666668
15.53157639503479,-33.333333333333336,15.000000000000004,12.499999999999998
15.551559686660767,-66.66666666666667,28.33333333333334,5.83333333333333
15.571056604385376,-100.0,30,5.0
15.590381622314453,-84.01915959068147,30,5.0
15.610012292861938,-84.01915959068147,30,5.0
15.629318237304688,-50.68582625734814,18.60766383627259,10.696168081863705
15.6490797996521,-33.333333333333336,12.465708687132596,13.767145656433701
15.668954133987427,0.0,-1.666666666666667,19.166666666666668
15.688549518585205,0.0,-0.0,20.0
15.707868099212646,0.0,-0.0,20.0
15.72751259803772,0.0,-0.0,20.0
15.746782302856445,15.298202614379084,-6.884191176470589,16.557904411764707
15.764833688735962,31.92470863847547,-13.601208756595007,13.199395621702497
15.782494306564331,31.92470863847547,-12.769883455390188,13.615058272304907
15.800064086914062,16.626506024096386,-5.885692278919601,17.0571538605402
15.817640542984009,0.0,0.8313253012048194,19.58433734939759
15.835208415985107,33.333333333333336,-15.000000000000004,12.499999999999998
15.85521650314331,66.66666666666667,-28.33333333333334,5.83333333333333
15.874809265136719,100.0,-30,5.0
15.894119024276733,66.66666666666667,-25.000000000000004,7.499999999999998
15.913415908813477,33.333333333333336,-11.666666666666668,14.166666666666666
15.932791948318481,0.0,1.666666666666667,19.166666666666668
15.953466176986694,33.333333333333336,-15.000000000000004,12.499999999999998
15.97343921661377,66.66666666666667,-28.33333333333334,5.83333333333333
15.99379014968872,100.0,-30,5.0
16.01336979866028,100.0,-30,5.0
16.032722234725952,66.66666666666667,-25.000000000000004,7.499999999999998
16.05177879333496,66.66666666666667,-26.66666666666667,6.666666666666664
16.070178747177124,33.333333333333336,-11.666666666666668,14.166666666666666
16.089194774627686,33.333333333333336,-13.333333333333336,13.333333333333332
16.10759663581848,33.333333333333336,-13.333333333333336,13.333333333333332
16.126172065734863,33.333333333333336,-13.333333333333336,13.333333333333332
16.144696950912476,33.333333333333336,-13.333333333333336,13.333333333333332
16.164182662963867,33.333333333333336,-13.333333333333336,13.333333333333332
16.183493614196777,33.333333333333336,-13.333333333333336,13.333333333333332
16.203129529953003,33.333333333333336,-13.333333333333336,13.333333333333332
16.222543716430664,0.0,1.666666666666667,19.166666666666668
16.24183225631714,0.0,-0.0,20.0
16.26114249229431,0.0,-0.0,20.0
16.280404329299927,0.0,-0.0,20.0
16.299696683883667,0.0,-0.0,20.0
16.31948709487915,0.0,-0.0,20.0
16.339025497436523,0.0,-0.0,20.0
16.358335733413696,0.0,-0.0,20.0
16.377593517303467,0.0,-0.0,20.0
16.396872758865356,0.0,-0.0,20.0
16.416125059127808,0.0,-0.0,20.0
16.435372829437256,0.0,-0.0,20.0
16.454643964767456,0.0,-0.0,20.0
16.47441005706787,0.0,-0.0,20.0
16.493757963180542,0.0,-0.0,20.0
16.513057470321655,0.0,-0.0,20.0
16.532464504241943,0.0,-0.0,20.0
16.552266597747803,0.0,-0.0,20.0
16.571741819381714,0.0,-0.0,20.0
16.59130048751831,0.0,-0.0,20.0
16.610913038253784,0.0,-0.0,20.0
16.63115906715393,0.0,-0.0,20.0
16.65041708946228,0.0,-0.0,20.0
16.66974377632141,0.0,-0.0,20.0
16.68939995765686,0.0,-0.0,20.0
16.708707094192505,0.0,-0.0,20.0
16.728609323501587,0.0,-0.0,20.0
16.747924327850342,0.0,-0.0,20.0
16.767343759536743,0.0,-0.0,20.0
16.786698579788208,0.0,-0.0,20.0
16.805964708328247,0.0,-0.0,20.0
16.825222730636597,0.0,-0.0,20.0
16.84519100189209,-33.333333333333336,15.000000000000004,12.499999999999998
16.864845991134644,-33.333333333333336,13.333333333333336,13.333333333333332
16.884182453155518,-33.333333333333336,13.333333333333336,13.333333333333332
16.903616666793823,0.0,-1.666666666666667,19.166666666666668
16.92301368713379,0.0,-0.0,20.0
16.942391633987427,0.0,-0.0,20.0
16.961963653564453,0.0,-0.0,20.0
16.982577085494995,0.0,-0.0,20.0
17.002382516860962,0.0,-0.0,20.0
17.021734476089478,-16.279069767441857,7.325581395348836,16.337209302325583
17.041115045547485,-32.87458737683354,13.979610831203,13.0101945843985
17.06061887741089,-32.87458737683354,13.149834950733416,13.425082524633293
17.07900094985962,-16.595517609391674,5.824253555384576,17.087873222307714
17.097366094589233,0.0,-0.8297758804695837,19.58511205976521
17.11619997024536,0.0,-0.0,20.0
17.139572143554688,0.0,-0.0,20.0
17.161641359329224,0.0,-0.0,20.0
17.178151607513428,0.0,-0.0,20.0
17.194676399230957,0.0,-0.0,20.0
17.211096048355103,-33.333333333333336,15.000000000000004,12.499999999999998
17.2274911403656,-33.333333333333336,13.333333333333336,13.333333333333332
17.2439181804657,-33.333333333333336,13.333333333333336,13.333333333333332
17.260334491729736,0.0,-1.666666666666667,19.166666666666668
17.279610633850098,0.0,-0.0,20.0
17.299678564071655,0.0,-0.0,20.0
17.31936001777649,0.0,-0.0,20.0
17.33871030807495,0.0,-0.0,20.0
17.357980489730835,0.0,-0.0,20.0
17.377317190170288,0.0,-0.0,20.0
17.396660566329956,33.333333333333336,-15.000000000000004,12.499999999999998
17.41594362258911,33.333333333333336,-13.333333333333336,13.333333333333332
17.438424587249756,33.333333333333336,-13.333333333333336,13.333333333333332
17.4580500125885,0.0,1.666666666666667,19.166666666666668
17.476630926132202,0.0,-0.0,20.0
17.495351552963257,0.0,-0.0,20.0
17.513776063919067,0.0,-0.0,20.0
17.532214403152466,0.0,-0.0,20.0
17.550559520721436,0.0,-0.0,20.0
17.569159269332886,0.0,-0.0,20.0
17.58847188949585,0.0,-0.0,20.0
17.608523845672607,0.0,-0.0,20.0
17.627941608428955,0.0,-0.0,20.0
17.647265195846558,0.0,-0.0,20.0
17.666645050048828,0.0,-0.0,20.0
17.687761068344116,0.0,-0.0,20.0
17.70740246772766,0.0,-0.0,20.0
17.726961135864258,0.0,-0.0,20.0
17.747073650360107,0.0,-0.0,20.0
17.766515254974365,0.0,-0.0,20.0
17.784959077835083,0.0,-0.0,20.0
17.80346131324768,0.0,-0.0,20.0
17.821803092956543,0.0,-0.0,20.0
17.84009838104248,0.0,-0.0,20.0
17.858715534210205,0.0,-0.0,20.0
17.877521276474,0.0,-0.0,20.0
17.89751124382019,0.0,-0.0,20.0
17.916813135147095,0.0,-0.0,20.0
17.936198949813843,0.0,-0.0,20.0
17.956324577331543,0.0,-0.0,20.0
17.977026224136353,0.0,-0.0,20.0
17.995380640029907,0.0,-0.0,20.0
18.013957262039185,0.0,-0.0,20.0
18.032337188720703,0.0,-0.0,20.0
18.05069065093994,0.0,-0.0,20.0
18.069098472595215,0.0,-0.0,20.0
18.088371515274048,0.0,-0.0,20.0
18.1080641746521,0.0,-0.0,20.0
18.128413438796997,0.0,-0.0,20.0
18.147907972335815,0.0,-0.0,20.0
18.16722321510315,0.0,-0.0,20.0
18.186317920684814,0.0,-0.0,20.0
18.20881462097168,0.0,-0.0,20.0
18.22726035118103,0.0,-0.0,20.0
18.245596408843994,0.0,-0.0,20.0
18.26394295692444,0.0,-0.0,20.0
18.282328367233276,0.0,-0.0,20.0
18.300618171691895,0.0,-0.0,20.0
18.31896424293518,0.0,-0.0,20.0
18.33879256248474,0.0,-0.0,20.0
18.357295274734497,0.0,-0.0,20.0
18.37561345100403,0.0,-0.0,20.0
18.395361185073853,0.0,-0.0,20.0
18.414684534072876,0.0,-0.0,20.0
18.43401598930359,0.0,-0.0,20.0
18.45329713821411,0.0,-0.0,20.0
18.4725501537323,0.0,-0.0,20.0
18.491833209991455,0.0,-0.0,20.0
18.511900901794434,0.0,-0.0,20.0
18.53145980834961,0.0,-0.0,20.0
18.550785779953003,0.0,-0.0,20.0
18.570390939712524,0.0,-0.0,20.0
18.589662551879883,0.0,-0.0,20.0
18.608288526535034,0.0,-0.0,20.0
18.62667989730835,0.0,-0.0,20.0
18.64498805999756,0.0,-0.0,20.0
18.663853406906128,0.0,-0.0,20.0
18.683725833892822,0.0,-0.0,20.0
18.702720403671265,0.0,-0.0,20.0
18.721527576446533,0.0,-0.0,20.0
18.740172624588013,0.0,-0.0,20.0
18.758692979812622,0.0,-0.0,20.0
18.777300596237183,0.0,-0.0,20.0
18.79652714729309,0.0,-0.0,20.0
18.815924882888794,0.0,-0.0,20.0
18.835272550582886,0.0,-0.0,20.0
18.856935501098633,0.0,-0.0,20.0
18.87627625465393,0.0,-0.0,20.0
18.896241426467896,0.0,-0.0,20.0
18.915646076202393,0.0,-0.0,20.0
18.935765266418457,0.0,-0.0,20.0
18.955127477645874,0.0,-0.0,20.0
18.978057146072388,0.0,-0.0,20.0
18.99764394760132,0.0,-0.0,20.0
19.017826557159424,0.0,-0.0,20.0
19.03749108314514,33.333333333333336,-15.000000000000004,12.499999999999998
19.056857347488403,33.333333333333336,-13.333333333333336,13.333333333333332
19.07649827003479,33.333333333333336,-13.333333333333336,13.333333333333332
19.095657110214233,0.0,1.666666666666667,19.166666666666668
19.11427140235901,0.0,-0.0,20.0
19.132648229599,0.0,-0.0,20.0
19.15116572380066,16.165626772546794,-7.2745320476460575,16.362733976176973
19.16951298713684,49.49896010588012,-21.46625070901872,9.26687464549064
19.187891483306885,82.83229343921346,-30,5.0
19.208483934402466,66.66666666666667,-25.858385328039333,7.070807335980334
19.227830410003662,33.333333333333336,-11.666666666666668,14.166666666666666
19.247403860092163,0.0,1.666666666666667,19.166666666666668
19.266934871673584,0.0,-0.0,20.0
19.286300897598267,15.957446808510639,-7.180851063829788,16.409574468085104
19.305579662322998,15.957446808510639,-6.382978723404256,16.80851063829787
19.325350522994995,15.957446808510639,-6.382978723404256,16.80851063829787
19.34487223625183,0.0,0.797872340425532,19.601063829787233
19.364147186279297,0.0,-0.0,20.0
19.383724212646484,0.0,-0.0,20.0
19.40339183807373,0.0,-0.0,20.0
19.422664880752563,0.0,-0.0,20.0
19.443106651306152,33.333333333333336,-15.000000000000004,12.499999999999998
19.462552547454834,49.51289398280803,-20.614135625596948,9.692932187201526
19.481829166412354,65.33175254360208,-26.923643945480535,6.5381780272597325
19.501814603805542,31.998419210268736,-11.132701017440827,14.433649491279587
19.521198987960815,15.818858560794046,-5.518565391843884,17.240717304078057
19.541318655014038,0.0,0.7909429280397023,19.604528535980148
19.561408758163452,16.625361420900454,-7.481412639405205,16.259293680297397
19.58130669593811,16.625361420900454,-6.650144568360182,16.67492771581991
19.600940704345703,16.625361420900454,-6.650144568360182,16.67492771581991
19.618664979934692,0.0,0.8312680710450228,19.584365964477488
19.63624906539917,0.0,-0.0,20.0
19.653906106948853,0.0,-0.0,20.0
19.671448230743408,0.0,-0.0,20.0
19.68941855430603,0.0,-0.0,20.0
19.71043038368225,33.333333333333336,-15.000000000000004,12.499999999999998
19.72997736930847,33.333333333333336,-13.333333333333336,13.333333333333332
19.749357223510742,51.64348925410872,-21.572903497682262,9.213548251158869
19.77044129371643,18.31015592077539,-5.657395701643489,17.171302149178256
19.789924144744873,18.31015592077539,-7.324062368310156,16.33796881584492
19.808729887008667,0.0,0.9155077960387695,19.542246101980616
19.82704758644104,0.0,-0.0,20.0
19.846585273742676,0.0,-0.0,20.0
19.865249156951904,-33.333333333333336,15.000000000000004,12.499999999999998
19.88362193107605,-33.333333333333336,13.333333333333336,13.333333333333332
19.902034521102905,-66.66666666666667,28.33333333333334,5.83333333333333
19.92139220237732,-66.66666666666667,26.66666666666667,6.666666666666664
19.940738439559937,-66.66666666666667,26.66666666666667,6.666666666666664
19.960384607315063,-33.333333333333336,11.666666666666668,14.166666666666666
19.980164527893066,0.0,-1.666666666666667,19.166666666666668
19.99942398071289,0.0,-0.0,20.0
20.0209801197052,0.0,-0.0,20.0
20.040422201156616,33.333333333333336,-15.000000000000004,12.499999999999998
20.059921264648438,66.66666666666667,-28.33333333333334,5.83333333333333
20.079356908798218,66.66666666666667,-26.66666666666667,6.666666666666664
20.100505352020264,33.333333333333336,-11.666666666666668,14.166666666666666
20.118399381637573,33.333333333333336,-13.333333333333336,13.333333333333332
20.136088371276855,33.333333333333336,-13.333333333333336,13.333333333333332
20.153713941574097,33.333333333333336,-13.333333333333336,13.333333333333332
20.17130136489868,33.333333333333336,-13.333333333333336,13.333333333333332
20.18886423110962,33.333333333333336,-13.333333333333336,13.333333333333332
20.208396196365356,66.66666666666667,-28.33333333333334,5.83333333333333
20.227829217910767,33.333333333333336,-11.666666666666668,14.166666666666666
20.247122526168823,33.333333333333336,-13.333333333333336,13.333333333333332
20.266734838485718,0.0,1.666666666666667,19.166666666666668
20.286091327667236,0.0,-0.0,20.0
20.30542540550232,0.0,-0.0,20.0
20.32496213912964,33.333333333333336,-15.000000000000004,12.499999999999998
20.345478057861328,66.66666666666667,-28.33333333333334,5.83333333333333
20.364827632904053,100.0,-30,5.0
20.38415002822876,100.0,-30,5.0
20.403478145599365,66.66666666666667,-25.000000000000004,7.499999999999998
20.422807931900024,33.333333333333336,-11.666666666666668,14.166666666666666
20.44213604927063,0.0,1.666666666666667,19.166666666666668
20.46140217781067,0.0,-0.0,20.0
20.480687618255615,15.707220573689417,-7.068249258160238,16.465875370919882
20.500245332717896,30.710399213231693,-13.034318617269792,13.482840691365105
20.5209321975708,45.77052142888318,-19.061214682335848,10.469392658832076
20.5404155254364,46.47890533568816,-18.626981329615514,10.686509335192243
20.55995774269104,48.55319148487828,-19.52499090141082,10.23750454929459
20.57940435409546,33.493069269226794,-12.644221596908142,13.677889201545929
20.598869800567627,17.077464788732396,-6.010205691468239,16.99489715426588
20.617604970932007,33.333333333333336,-14.146126760563384,12.926936619718308
20.635965824127197,33.333333333333336,-13.333333333333336,13.333333333333332
20.655235767364502,33.333333333333336,-13.333333333333336,13.333333333333332
20.67550230026245,0.0,1.666666666666667,19.166666666666668
20.69620418548584,0.0,-0.0,20.0
20.712956190109253,0.0,-0.0,20.0
20.727485418319702,0.0,-0.0,20.0
20.74371862411499,0.0,-0.0,20.0
20.757880210876465,0.0,-0.0,20.0
20.772093057632446,0.0,-0.0,20.0
20.78625512123108,0.0,-0.0,20.0
20.80039930343628,0.0,-0.0,20.0
20.814531087875366,0.0,-0.0,20.0
20.828875303268433,33.333333333333336,-15.000000000000004,12.499999999999998
20.848828315734863,33.333333333333336,-13.333333333333336,13.333333333333332
20.863009691238403,33.333333333333336,-13.333333333333336,13.333333333333332
20.87713074684143,0.0,1.666666666666667,19.166666666666668
20.89153289794922,0.0,-0.0,20.0
20.905762434005737,0.0,-0.0,20.0
20.919963359832764,0.0,-0.0,20.0
20.934677362442017,0.0,-0.0,20.0
20.94913339614868,33.333333333333336,-15.000000000000004,12.499999999999998
20.963546752929688,66.66666666666667,-28.33333333333334,5.83333333333333
20.977808713912964,100.0,-30,5.0
20.992622137069702,66.66666666666667,-25.000000000000004,7.499999999999998
21.00697636604309,33.333333333333336,-11.666666666666668,14.166666666666666
21.02116370201111,0.0,1.666666666666667,19.166666666666668
21.035831928253174,0.0,-0.0,20.0
21.04998540878296,0.0,-0.0,20.0
21.064222812652588,17.12469620489811,-7.70611329220415,16.146943353897925
21.07840585708618,31.892360113236748,-13.495327240711632,13.252336379644184
21.092536687850952,31.892360113236748,-12.7569440452947,13.621527977352649
21.106687784194946,14.767663908338639,-5.05083075309055,17.474584623454724
21.121028423309326,0.0,0.738383195416932,19.630808402291535
21.136143922805786,0.0,-0.0,20.0
21.150309562683105,14.50320512820513,-6.526442307692308,16.736778846153847
21.164443254470825,14.50320512820513,-5.801282051282052,17.099358974358974
21.178581476211548,14.50320512820513,-5.801282051282052,17.099358974358974
21.192701816558838,0.0,0.7251602564102565,19.637419871794872
21.206855297088623,33.333333333333336,-15.000000000000004,12.499999999999998
21.22106647491455,66.66666666666667,-28.33333333333334,5.83333333333333
21.235209226608276,66.66666666666667,-26.66666666666667,6.666666666666664
21.24933123588562,33.333333333333336,-11.666666666666668,14.166666666666666
21.26355814933777,17.520880789673498,-6.217729688686408,16.891135155656798
21.277949810028076,17.520880789673498,-7.008352315869399,16.4958238420653
21.2921085357666,17.520880789673498,-7.008352315869399,16.4958238420653
21.30623507499695,0.0,0.8760440394836749,19.561977980258163
21.320382356643677,0.0,-0.0,20.0
21.334669589996338,0.0,-0.0,20.0
21.348927974700928,0.0,-0.0,20.0
21.36306858062744,0.0,-0.0,20.0
21.377197980880737,0.0,-0.0,20.0
21.39132261276245,0.0,-0.0,20.0
21.405690670013428,0.0,-0.0,20.0
21.420087814331055,33.333333333333336,-15.000000000000004,12.499999999999998
21.434250593185425,66.66666666666667,-28.33333333333334,5.83333333333333
21.44837474822998,66.66666666666667,-26.66666666666667,6.666666666666664
21.46252131462097,33.333333333333336,-11.666666666666668,14.166666666666666
21.476649522781372,0.0,1.666666666666667,19.166666666666668
21.490851879119873,0.0,-0.0,20.0
21.504979848861694,0.0,-0.0,20.0
21.519124507904053,17.491937013849363,-7.871371656232213,16.064314171883893
21.533252477645874,32.99128850541876,-13.971482976745975,13.014258511627013
21.54748558998108,32.99128850541876,-13.196515402167504,13.401742298916247
21.561931133270264,15.49935149156939,-5.3251437459352875,17.337428127032357
21.576074600219727,0.0,0.7749675745784695,19.612516212710766
21.590219497680664,33.333333333333336,-15.000000000000004,12.499999999999998
21.604585647583008,33.333333333333336,-13.333333333333336,13.333333333333332
21.618743896484375,66.66666666666667,-28.33333333333334,5.83333333333333
21.632893800735474,66.66666666666667,-26.66666666666667,6.666666666666664
21.647019863128662,100.0,-30,5.0
21.661162614822388,100.0,-30,5.0
21.676048040390015,100.0,-30,5.0
21.6904456615448,100.0,-30,5.0
21.704596996307373,66.66666666666667,-25.000000000000004,7.499999999999998
21.719764232635498,49.33416562630046,-18.867041198501877,10.566479400749062
21.73397970199585,16.000832292967125,-4.733666250520184,17.633166874739906
21.748459577560425,16.000832292967125,-6.400332917186851,16.799833541406574
21.762770652770996,0.0,0.8000416146483563,19.59997919267582
21.77706217765808,0.0,-0.0,20.0
21.79161548614502,0.0,-0.0,20.0
21.8057644367218,0.0,-0.0,20.0
21.819997787475586,0.0,-0.0,20.0
21.83434820175171,0.0,-0.0,20.0
21.848766565322876,0.0,-0.0,20.0
21.862903356552124,0.0,-0.0,20.0
21.877345323562622,0.0,-0.0,20.0
21.891514539718628,0.0,-0.0,20.0
21.9060378074646,0.0,-0.0,20.0
21.920244455337524,33.333333333333336,-15.000000000000004,12.499999999999998
21.93438720703125,33.333333333333336,-13.333333333333336,13.333333333333332
21.948708295822144,33.333333333333336,-13.333333333333336,13.333333333333332
21.96286392211914,0.0,1.666666666666667,19.166666666666668
21.977007150650024,0.0,-0.0,20.0
21.991151094436646,0.0,-0.0,20.0
22.005842924118042,0.0,-0.0,20.0
22.020179748535156,33.333333333333336,-15.000000000000004,12.499999999999998
22.03431463241577,50.82757175780432,-21.20574062434528,9.39712968782736
22.04844617843628,84.16090509113765,-30,5.0
22.062615633010864,50.82757175780432,-18.664362036455064,10.667818981772468
22.07675552368164,66.66666666666667,-27.45862141210979,6.2706892939451055
22.090882062911987,66.66666666666667,-26.66666666666667,6.666666666666664
22.105146646499634,66.66666666666667,-26.66666666666667,6.666666666666664
22.119735956192017,33.333333333333336,-11.666666666666668,14.166666666666666
22.13391876220703,0.0,1.666666666666667,19.166666666666668
22.148091077804565,0.0,-0.0,20.0
22.162214517593384,0.0,-0.0,20.0
22.17632293701172,0.0,-0.0,20.0
22.190431594848633,0.0,-0.0,20.0
22.20456027984619,0.0,-0.0,20.0
22.218671321868896,0.0,-0.0,20.0
22.232859134674072,16.56084656084656,-7.4523809523809526,16.273809523809526
22.24722957611084,32.80803297377883,-13.935572510158146,13.032213744920927
22.2613685131073,48.99508333349106,-20.40738585138204,9.79630707430898
22.275513648986816,47.40533503854045,-18.88264660066865,10.558676699665675
22.289644718170166,47.61777595480073,-19.057732427733306,10.471133786133347
22.30377507209778,48.36509006068437,-19.383401729567932,10.308299135216034
22.317954778671265,51.159886031270894,-20.603694211037684,9.698152894481158
22.332078218460083,52.605596063609056,-21.11452392706053,9.442738036469734
22.346274852752686,53.11332626065166,-21.270717014112794,9.364641492943603
22.360414028167725,51.501781272043615,-20.520135259387047,9.739932370306477
22.374679565429688,33.596443910512896,-12.543310696128623,13.72834465193569
22.389046669006348,16.15434924787443,-5.589634966017848,17.205182516991076
22.403213500976562,0.0,0.8077174623937214,19.59614126880314
22.41733455657959,0.0,-0.0,20.0
22.431493043899536,0.0,-0.0,20.0
22.44564414024353,0.0,-0.0,20.0
22.459786653518677,0.0,-0.0,20.0
22.47389531135559,0.0,-0.0,20.0
22.48819923400879,0.0,-0.0,20.0
22.502322673797607,0.0,-0.0,20.0
22.516533374786377,0.0,-0.0,20.0
22.531023502349854,0.0,-0.0,20.0
22.545214891433716,0.0,-0.0,20.0
22.559490442276,0.0,-0.0,20.0
22.57370162010193,0.0,-0.0,20.0
22.58782696723938,0.0,-0.0,20.0
22.60228133201599,33.333333333333336,-15.000000000000004,12.499999999999998
22.616516590118408,66.66666666666667,-28.33333333333334,5.83333333333333
22.630911827087402,100.0,-30,5.0
22.645054578781128,66.66666666666667,-25.000000000000004,7.499999999999998
22.6592538356781,33.333333333333336,-11.666666666666668,14.166666666666666
22.673628091812134,0.0,1.666666666666667,19.166666666666668
22.687991857528687,0.0,-0.0,20.0
22.702123403549194,0.0,-0.0,20.0
22.717460870742798,15.861143076332949,-7.137514384349828,16.431242807825086
22.731844425201416,15.861143076332949,-6.34445723053318,16.82777138473341
22.746102571487427,15.861143076332949,-6.34445723053318,16.82777138473341
22.760242223739624,0.0,0.7930571538166475,19.603471423091676
22.77445650100708,0.0,-0.0,20.0
22.78860092163086,0.0,-0.0,20.0
22.803009271621704,0.0,-0.0,20.0
22.81715178489685,0.0,-0.0,20.0
22.83130192756653,0.0,-0.0,20.0
22.845736742019653,0.0,-0.0,20.0
22.859952688217163,0.0,-0.0,20.0
22.874117136001587,0.0,-0.0,20.0
22.88828682899475,0.0,-0.0,20.0
22.90255069732666,0.0,-0.0,20.0
22.91670870780945,0.0,-0.0,20.0
22.931085348129272,0.0,-0.0,20.0
22.945300102233887,0.0,-0.0,20.0
22.9594407081604,0.0,-0.0,20.0
22.97359323501587,0.0,-0.0,20.0
22.98782515525818,0.0,-0.0,20.0
23.001951217651367,0.0,-0.0,20.0
23.01607346534729,0.0,-0.0,20.0
23.030207633972168,0.0,-0.0,20.0
23.044326782226562,0.0,-0.0,20.0
23.058714628219604,0.0,-0.0,20.0
23.072899103164673,0.0,-0.0,20.0
23.08705735206604,0.0,-0.0,20.0
23.101199865341187,0.0,-0.0,20.0
23.115376472473145,0.0,-0.0,20.0
23.129563331604004,0.0,-0.0,20.0
23.143741846084595,0.0,-0.0,20.0
23.157869577407837,0.0,-0.0,20.0
23.17261528968811,0.0,-0.0,20.0
23.186907052993774,0.0,-0.0,20.0
23.20102834701538,0.0,-0.0,20.0
23.215185165405273,0.0,-0.0,20.0
23.229803323745728,0.0,-0.0,20.0
23.24401879310608,0.0,-0.0,20.0
23.258158922195435,0.0,-0.0,20.0
23.272278785705566,0.0,-0.0,20.0
23.286417961120605,0.0,-0.0,20.0
23.30054211616516,0.0,-0.0,20.0
23.31537365913391,0.0,-0.0,20.0
23.329572200775146,0.0,-0.0,20.0
23.343981981277466,0.0,-0.0,20.0
23.358201503753662,0.0,-0.0,20.0
23.372332334518433,0.0,-0.0,20.0
23.386515617370605,0.0,-0.0,20.0
23.400684356689453,0.0,-0.0,20.0
23.41515350341797,0.0,-0.0,20.0
23.430317163467407,0.0,-0.0,20.0
23.44450831413269,0.0,-0.0,20.0
23.45862913131714,0.0,-0.0,20.0
23.472779512405396,0.0,-0.0,20.0
23.48693537712097,0.0,-0.0,20.0
23.50118136405945,0.0,-0.0,20.0
23.515312433242798,0.0,-0.0,20.0
23.52949333190918,0.0,-0.0,20.0
23.54372525215149,0.0,-0.0,20.0
23.55811047554016,0.0,-0.0,20.0
23.572288036346436,0.0,-0.0,20.0
23.5863995552063,0.0,-0.0,20.0
23.601144552230835,0.0,-0.0,20.0
23.61528444290161,0.0,-0.0,20.0
23.629514932632446,0.0,-0.0,20.0
23.643645763397217,0.0,-0.0,20.0
23.658008575439453,0.0,-0.0,20.0
23.672147750854492,0.0,-0.0,20.0
23.686546325683594,0.0,-0.0,20.0
23.700917959213257,0.0,-0.0,20.0
23.715065002441406,0.0,-0.0,20.0
23.729350805282593,0.0,-0.0,20.0
23.743587732315063,0.0,-0.0,20.0
23.757720947265625,0.0,-0.0,20.0
23.771970987319946,0.0,-0.0,20.0
23.786388158798218,0.0,-0.0,20.0
23.80052351951599,0.0,-0.0,20.0
23.81490659713745,0.0,-0.0,20.0
23.829819917678833,0.0,-0.0,20.0
23.844838619232178,0.0,-0.0,20.0
23.85905647277832,0.0,-0.0,20.0
23.873185634613037,0.0,-0.0,20.0
23.88737463951111,0.0,-0.0,20.0
23.90152144432068,0.0,-0.0,20.0
23.915655851364136,0.0,-0.0,20.0
23.92979669570923,-33.333333333333336,15.000000000000004,12.499999999999998
23.943979263305664,-66.66666666666667,28.33333333333334,5.83333333333333
23.958120584487915,-66.66666666666667,26.66666666666667,6.666666666666664
23.972487926483154,-33.333333333333336,11.666666666666668,14.166666666666666
23.986620903015137,0.0,-1.666666666666667,19.166666666666668
24.000749826431274,0.0,-0.0,20.0
24.015025854110718,0.0,-0.0,20.0
24.029353380203247,0.0,-0.0,20.0
24.043479442596436,0.0,-0.0,20.0
24.057584524154663,0.0,-0.0,20.0
24.071773529052734,0.0,-0.0,20.0
24.085916757583618,0.0,-0.0,20.0
24.10052728652954,0.0,-0.0,20.0
24.114696741104126,0.0,-0.0,20.0
24.128824710845947,0.0,-0.0,20.0
24.143027305603027,0.0,-0.0,20.0
24.15715479850769,0.0,-0.0,20.0
24.171297550201416,0.0,-0.0,20.0
24.185426950454712,0.0,-0.0,20.0
24.19954752922058,0.0,-0.0,20.0
24.213671922683716,0.0,-0.0,20.0
24.228224277496338,0.0,-0.0,20.0
24.242560386657715,0.0,-0.0,20.0
24.256710290908813,0.0,-0.0,20.0
24.270851135253906,0.0,-0.0,20.0
24.284972667694092,0.0,-0.0,20.0
24.299640417099,0.0,-0.0,20.0
24.313817262649536,0.0,-0.0,20.0
24.32794213294983,0.0,-0.0,20.0
24.342114686965942,0.0,-0.0,20.0
24.356289386749268,0.0,-0.0,20.0
24.3706157207489,0.0,-0.0,20.0
24.38475012779236,0.0,-0.0,20.0
24.398863792419434,0.0,-0.0,20.0
24.41298246383667,0.0,-0.0,20.0
24.427123546600342,0.0,-0.0,20.0
24.44128155708313,0.0,-0.0,20.0
24.45541214942932,0.0,-0.0,20.0
24.469522714614868,0.0,-0.0,20.0
24.483686685562134,0.0,-0.0,20.0
24.49801254272461,0.0,-0.0,20.0
24.51215410232544,0.0,-0.0,20.0
24.526291608810425,0.0,-0.0,20.0
24.540460348129272,0.0,-0.0,20.0
24.55466079711914,0.0,-0.0,20.0
24.568967819213867,0.0,-0.0,20.0
24.58312702178955,0.0,-0.0,20.0
24.5972797870636,0.0,-0.0,20.0
24.61165142059326,0.0,-0.0,20.0
24.625794649124146,0.0,-0.0,20.0
24.640161275863647,0.0,-0.0,20.0
24.654306888580322,0.0,-0.0,20.0
24.66850256919861,0.0,-0.0,20.0
24.682881116867065,0.0,-0.0,20.0
24.697198390960693,0.0,-0.0,20.0
24.711336374282837,0.0,-0.0,20.0
24.725693225860596,0.0,-0.0,20.0
24.739864349365234,0.0,-0.0,20.0
24.75426483154297,0.0,-0.0,20.0
24.768499851226807,0.0,-0.0,20.0
24.782659769058228,0.0,-0.0,20.0
24.79684567451477,33.333333333333336,-15.000000000000004,12.499999999999998
24.810996294021606,33.333333333333336,-13.333333333333336,13.333333333333332
24.825164318084717,33.333333333333336,-13.333333333333336,13.333333333333332
24.83987307548523,0.0,1.666666666666667,19.166666666666668
24.854316473007202,0.0,-0.0,20.0
24.86883044242859,0.0,-0.0,20.0
24.885905027389526,0.0,-0.0,20.0
24.900158405303955,0.0,-0.0,20.0
24.914280891418457,0.0,-0.0,20.0
24.9284245967865,0.0,-0.0,20.0
24.942755222320557,0.0,-0.0,20.0
24.956949472427368,0.0,-0.0,20.0
24.971301794052124,0.0,-0.0,20.0
24.985450506210327,0.0,-0.0,20.0
24.999592781066895,0.0,-0.0,20.0
25.013970613479614,0.0,-0.0,20.0
25.028114080429077,0.0,-0.0,20.0
25.04223084449768,0.0,-0.0,20.0
25.056360483169556,0.0,-0.0,20.0
25.070565700531006,0.0,-0.0,20.0
25.084763526916504,0.0,-0.0,20.0
25.099005937576294,0.0,-0.0,20.0
25.113555431365967,0.0,-0.0,20.0
25.127888441085815,0.0,-0.0,20.0
25.14217495918274,0.0,-0.0,20.0
25.156410932540894,0.0,-0.0,20.0
25.17057228088379,0.0,-0.0,20.0
25.184699535369873,0.0,-0.0,20.0
25.198824644088745,0.0,-0.0,20.0
25.21293878555298,0.0,-0.0,20.0
25.22730040550232,0.0,-0.0,20.0
25.241486072540283,0.0,-0.0,20.0
25.255616188049316,0.0,-0.0,20.0
25.269745349884033,0.0,-0.0,20.0
25.283888578414917,0.0,-0.0,20.0
25.298014402389526,0.0,-0.0,20.0
25.312182188034058,0.0,-0.0,20.0
25.326294898986816,0.0,-0.0,20.0
25.340855836868286,0.0,-0.0,20.0
25.35501766204834,0.0,-0.0,20.0
25.36916470527649,0.0,-0.0,20.0
25.383291482925415,0.0,-0.0,20.0
25.397421836853027,0.0,-0.0,20.0
25.411536931991577,0.0,-0.0,20.0
25.42564034461975,0.0,-0.0,20.0
25.439793586730957,0.0,-0.0,20.0
25.454246044158936,0.0,-0.0,20.0
25.468392610549927,0.0,-0.0,20.0
25.482520818710327,0.0,-0.0,20.0
25.4966721534729,0.0,-0.0,20.0
25.51081132888794,0.0,-0.0,20.0
25.524930477142334,0.0,-0.0,20.0
25.53911280632019,0.0,-0.0,20.0
25.55335235595703,0.0,-0.0,20.0
25.56786608695984,0.0,-0.0,20.0
25.58225107192993,0.0,-0.0,20.0
25.59640383720398,0.0,-0.0,20.0
25.61073899269104,0.0,-0.0,20.0
25.624951601028442,0.0,-0.0,20.0
25.639116048812866,0.0,-0.0,20.0
25.653316736221313,0.0,-0.0,20.0
25.667453050613403,0.0,-0.0,20.0
25.681838989257812,0.0,-0.0,20.0
25.69633150100708,0.0,-0.0,20.0
25.71328067779541,0.0,-0.0,20.0
25.734023809432983,0.0,-0.0,20.0
25.75458073616028,0.0,-0.0,20.0
25.77545166015625,0.0,-0.0,20.0
25.795928716659546,0.0,-0.0,20.0
25.816895723342896,0.0,-0.0,20.0
25.83722186088562,0.0,-0.0,20.0
25.85698699951172,0.0,-0.0,20.0
25.876279592514038,0.0,-0.0,20.0
25.895544052124023,0.0,-0.0,20.0
25.91464328765869,0.0,-0.0,20.0
25.932976484298706,0.0,-0.0,20.0
25.951378345489502,0.0,-0.0,20.0
25.97003936767578,0.0,-0.0,20.0
25.988553047180176,0.0,-0.0,20.0
26.007112741470337,0.0,-0.0,20.0
26.026498794555664,0.0,-0.0,20.0
26.04579210281372,0.0,-0.0,20.0
26.06571650505066,0.0,-0.0,20.0
26.08535146713257,0.0,-0.0,20.0
26.104982376098633,0.0,-0.0,20.0
26.124385118484497,0.0,-0.0,20.0
26.14378523826599,0.0,-0.0,20.0
26.16317582130432,0.0,-0.0,20.0
26.18385910987854,0.0,-0.0,20.0
26.203380584716797,0.0,-0.0,20.0
26.223350524902344,0.0,-0.0,20.0
26.242907762527466,0.0,-0.0,20.0
26.262178421020508,0.0,-0.0,20.0
26.281444549560547,0.0,-0.0,20.0
26.301729679107666,0.0,-0.0,20.0
26.321213483810425,0.0,-0.0,20.0
26.34050750732422,0.0,-0.0,20.0
26.35980796813965,0.0,-0.0,20.0
26.379098176956177,0.0,-0.0,20.0
26.398345708847046,0.0,-0.0,20.0
26.417645692825317,0.0,-0.0,20.0
26.436861038208008,0.0,-0.0,20.0
26.45647120475769,0.0,-0.0,20.0
26.475754976272583,0.0,-0.0,20.0
26.49531626701355,0.0,-0.0,20.0
26.51465368270874,0.0,-0.0,20.0
26.533910036087036,0.0,-0.0,20.0
26.553281784057617,0.0,-0.0,20.0
26.57321858406067,0.0,-0.0,20.0
26.592543363571167,0.0,-0.0,20.0
26.612144470214844,0.0,-0.0,20.0
26.631556272506714,0.0,-0.0,20.0
26.65084457397461,0.0,-0.0,20.0
26.670111894607544,0.0,-0.0,20.0
26.68997836112976,0.0,-0.0,20.0
26.709248781204224,0.0,-0.0,20.0
26.72883653640747,0.0,-0.0,20.0
26.748222827911377,0.0,-0.0,20.0
26.767494678497314,0.0,-0.0,20.0
26.786899089813232,0.0,-0.0,20.0
26.807124614715576,0.0,-0.0,20.0
26.826755046844482,0.0,-0.0,20.0
26.84618878364563,0.0,-0.0,20.0
26.86581802368164,0.0,-0.0,20.0
26.88517117500305,0.0,-0.0,20.0
26.904679536819458,0.0,-0.0,20.0
26.923959493637085,0.0,-0.0,20.0
26.94330668449402,0.0,-0.0,20.0
26.963507175445557,0.0,-0.0,20.0
26.982842206954956,0.0,-0.0,20.0
27.002532243728638,0.0,-0.0,20.0
27.022059202194214,0.0,-0.0,20.0
27.041700839996338,0.0,-0.0,20.0
27.060980558395386,0.0,-0.0,20.0
27.081039428710938,0.0,-0.0,20.0
27.10032606124878,0.0,-0.0,20.0
27.119747638702393,0.0,-0.0,20.0
27.139126777648926,0.0,-0.0,20.0
27.158448219299316,0.0,-0.0,20.0
27.177721977233887,0.0,-0.0,20.0
27.197431325912476,0.0,-0.0,20.0
27.216716051101685,0.0,-0.0,20.0
27.236062049865723,0.0,-0.0,20.0
27.255425930023193,0.0,-0.0,20.0
27.27485227584839,0.0,-0.0,20.0
27.2941312789917,0.0,-0.0,20.0
27.314419507980347,0.0,-0.0,20.0
27.333886861801147,0.0,-0.0,20.0
27.35323143005371,0.0,-0.0,20.0
27.372498273849487,0.0,-0.0,20.0
27.391740798950195,0.0,-0.0,20.0
27.41105818748474,0.0,-0.0,20.0
27.430373191833496,0.0,-0.0,20.0
27.449673652648926,0.0,-0.0,20.0
27.468966722488403,0.0,-0.0,20.0
27.48838496208191,0.0,-0.0,20.0
27.5076642036438,0.0,-0.0,20.0
27.52703881263733,0.0,-0.0,20.0
27.546355962753296,0.0,-0.0,20.0
27.56589937210083,0.0,-0.0,20.0
27.585301160812378,0.0,-0.0,20.0
27.60547971725464,0.0,-0.0,20.0
27.625358819961548,0.0,-0.0,20.0
27.644761323928833,0.0,-0.0,20.0
27.66407012939453,0.0,-0.0,20.0
27.68439483642578,0.0,-0.0,20.0
27.703757286071777,0.0,-0.0,20.0
27.72350239753723,0.0,-0.0,20.0
27.742908000946045,0.0,-0.0,20.0
27.762266635894775,0.0,-0.0,20.0
27.781622886657715,0.0,-0.0,20.0
27.80087685585022,0.0,-0.0,20.0
27.82126522064209,0.0,-0.0,20.0
27.840851545333862,0.0,-0.0,20.0
27.861677408218384,0.0,-0.0,20.0
27.881120920181274,0.0,-0.0,20.0
27.900383234024048,0.0,-0.0,20.0
27.920222282409668,0.0,-0.0,20.0
27.939658164978027,0.0,-0.0,20.0
27.958086490631104,0.0,-0.0,20.0
27.976468801498413,0.0,-0.0,20.0
27.994913816452026,0.0,-0.0,20.0
28.01327085494995,0.0,-0.0,20.0
28.032864332199097,0.0,-0.0,20.0
28.05238437652588,0.0,-0.0,20.0
28.071670293807983,0.0,-0.0,20.0
28.091089725494385,0.0,-0.0,20.0
28.11076331138611,0.0,-0.0,20.0
28.13024401664734,0.0,-0.0,20.0
28.149609565734863,0.0,-0.0,20.0
28.1702299118042,0.0,-0.0,20.0
28.189558267593384,0.0,-0.0,20.0
28.20883560180664,0.0,-0.0,20.0
28.22837495803833,0.0,-0.0,20.0
28.24774479866028,0.0,-0.0,20.0
28.266990661621094,0.0,-0.0,20.0
28.286235332489014,0.0,-0.0,20.0
28.307472705841064,0.0,-0.0,20.0
28.327073335647583,0.0,-0.0,20.0
28.346473693847656,0.0,-0.0,20.0
28.36577272415161,0.0,-0.0,20.0
28.385098934173584,0.0,-0.0,20.0
28.404343366622925,0.0,-0.0,20.0
28.423572301864624,0.0,-0.0,20.0
28.44375491142273,0.0,-0.0,20.0
28.463120222091675,0.0,-0.0,20.0
28.482415676116943,0.0,-0.0,20.0
28.50175189971924,0.0,-0.0,20.0
28.521098136901855,0.0,-0.0,20.0
28.54045343399048,0.0,-0.0,20.0
28.5598566532135,0.0,-0.0,20.0
28.58009386062622,0.0,-0.0,20.0
28.59958004951477,0.0,-0.0,20.0
28.62410545349121,0.0,-0.0,20.0
28.644432067871094,0.0,-0.0,20.0
28.661975145339966,0.0,-0.0,20.0
28.681320667266846,0.0,-0.0,20.0
28.69963312149048,0.0,-0.0,20.0
28.718565940856934,0.0,-0.0,20.0
28.73574733734131,0.0,-0.0,20.0
28.751866102218628,0.0,-0.0,20.0
28.76779270172119,0.0,-0.0,20.0
28.784000873565674,0.0,-0.0,20.0
28.799904584884644,0.0,-0.0,20.0
28.815805673599243,0.0,-0.0,20.0
28.83173418045044,0.0,-0.0,20.0
28.850200414657593,0.0,-0.0,20.0
